<?xml version="1.0"?>
<level xmlns="http://games.smeanox.com"
       xmlns:xsi="http://www.w3.org/2001/XMLSchema-instance"
       xsi:schemaLocation="http://games.smeanox.com lvlschema.xsd">
    <description>Testlevel</description>
    <camera/>
    <hero start_x="0" start_y="5" dest_x="20" dest_y="2" start_form="human"/>
    <platforms>
        <platform id="1" x="-4" y="0" width="2" height="1" end_y="0" moving_velo="20" type="destr"/>
        <platform id="1" x="0" y="-2" width="10.5" height="0.5" end_y="0" moving_velo="20" ladder_passable="false"/>
        <platform id="2" x="-11" y="-2" width="2.5" height="4.5" start_x="-21" moving_velo="2" moving_enabled="true"/>
        <platform id="3" x="12" y="-2" width="10.5" height="0.5" end_x="18" end_y="2"/>
        <platform id="6" x="19.5" y="-2.25" width="6" height="0.5" type="bridge"/>
        <platform id="4" x="-16" y="-4" width="16" height="16">
            <point x="-8.2" y="-2.2"/>
            <point x="8.2" y="-2.2"/>
            <point x="8.2" y="0.2"/>
            <point x="-8.2" y="0.2"/>

            <point x="-8.2" y="-2.2"/>
            <point x="-5.8" y="-2.2"/>
            <point x="-5.8" y="6.2"/>
            <point x="-8.2" y="6.2"/>

            <point x="5.8" y="-2.2"/>
            <point x="8.2" y="-2.2"/>
            <point x="8.2" y="6.2"/>
            <point x="5.8" y="6.2"/>
        </platform>
        <platform id="7" x="0" y="10" width="20" height="4"/>
        <platform id="5" x="-20" y="-8" width="1000" height="0.5" type="oldschool"/>
    </platforms>
    <ladders>
        <ladder id="1" x="0" width="1" start_y="-8" end_y="-2.25" top_mount="true"/>
        <ladder id="1" x="2" width="1" start_y="-6" end_y="-1.75" in_air="true"/>
    </ladders>
    <buttons>
        <button id="1" x="-4" y="5" width="1" height="1">
            <toggle_interact dest_id="1"/>
        </button>
        <button id="2" x="-19" y="0" width="1" height="1">
            <toggle_active dest_id="3"/>
        </button>
    </buttons>
    <waters>
        <water id="1" x="-16" y="-1" width="12" height="6"/>
    </waters>
    <actors>
        <actor id="1" x="4" y="5" width="1" height="1" texture="signright"/>
        <actor id="2" x="4" y="6" width="1" height="1" texture="signright"/>
        <actor id="3" x="4" y="7" width="1" height="1" texture="signright"/>
        <actor id="4" x="20" y="2" width="3" height="3" texture="sign" collision="false"/>
        <actor id="5" x="8" y="5" width="1" height="1" texture="signleft"/>
        <ball id="6" x="20" y="30" vx="0" vy="0" radius="1"/>
        <ball id="7" x="150" y="50" vx="-20" vy="0" radius="5"/>
    </actors>
    <texts>
        <text x="19" y="2" scale="0.1" text="mountain"/>
    </texts>
</level>
