<?xml version="1.0"?>
<level xmlns="http://games.smeanox.com"
       xmlns:xsi="http://www.w3.org/2001/XMLSchema-instance"
       xsi:schemaLocation="http://games.smeanox.com lvlschema.xsd">
    <description>Level 1</description>
    <camera min_x="-6" max_x="2" />
    <hero start_x="-17" start_y="-1.75" dest_x="21.2" dest_y="5"/>
    <platforms>

        <platform id="50" x="-16" y="-1" width="20" height="32">
            <rect x="-25" y="0" width="2.5" height="30.5"/>
            <rect x="-16" y="-9" width="20.5" height="12.5"/>
        </platform>

        <platform id="4" x="13" y="0.75" width="6" height="1" type="oldschool"/>
        <platform id="4" x="20" y="4" width="8" height="1" type="oldschool"/>

        <platform id="99" x="14.5" y="0.5" width="24" height="30">
            <rect x="18.5" y="-3.5" width="8.5" height="2.5"/>
            <rect x="13.5" y="-10.5" width="22.5" height="12.5"/>
            <rect x="23.5" y="4" width="2.5" height="30"/>
        </platform>


    </platforms>
    <actors>
        <actor id="0" x="-20" y="-1.5" width="3" height="3" texture="goldenball" dynamic="false"/>
        <actor id="1" x="21.2" y="5" width="1" height="1" texture="signright" collision="false"/>
        <actor id="11" x="-8" y="-1.75" width="2" height="2" texture="sign" collision="false" dynamic="false"/>
        <actor id="11" x="-14" y="-1.75" width="2" height="2" texture="sign" collision="false" dynamic="false"/>
        <ball id="2" x="-21" y="29" vx="3" vy="0" radius="1"/>
        <ball id="3" x="-21" y="31" vx="2.2" vy="1" radius="1"/>
        <ball id="4" x="-19" y="31" vx="2.2" vy="0" radius="1"/>
        <ball id="5" x="-17" y="31" vx="2.5" vy="-1" radius="1"/>
        <ball id="6" x="-18" y="35" vx="3" vy="0" radius="1"/>
        <ball id="7" x="-15" y="32" vx="1" vy="-2" radius="1"/>
        <ball id="8" x="-18" y="33" vx="2" vy="0" radius="1"/>
        <ball id="9" x="-14" y="42" vx="3" vy="0" radius="1"/>
    </actors>
    <texts>
        <text x="-8.25" y="-2" scale="0.08" text="w"/>
        <text x="-14.25" y="-2" scale="0.08" text="3"/>
    </texts>
    <decos>
        <deco x="-15" y="-9" scale="2" index="0"/>
        <deco x="-23" y="-7" scale="2" index="1"/>
        <deco x="16" y="-12" scale="2" index="2"/>
        <deco x="12" y="-3.25" scale="2" index="5"/>
    </decos>
</level>
