<?xml version="1.0"?>
<level xmlns="http://games.smeanox.com"
       xmlns:xsi="http://www.w3.org/2001/XMLSchema-instance"
       xsi:schemaLocation="http://games.smeanox.com lvlschema.xsd">
    <description>Level 6</description>
    <camera min_x="-88" max_x="-6" start_x="-88"/>
    <hero start_x="-105" start_y="-12.75" dest_x="10" dest_y="7" start_form="human"/>
    <platforms>
        <platform id="99" x="-109" y="0" width="2.5" height="30"/>
        <platform id="100" x="14" y="0" width="2.5" height="30"/>

        <platform id="1" x="-103" y="-14" width="10" height="0.5"/>
        <platform id="2" x="-90" y="-12" width="2.5" height="0.5" type="destr"/>
        <platform id="3" x="-80" y="-10" width="2.5" height="0.5" type="destr"/>
        <platform id="4" x="-70" y="-12" width="2.5" height="0.5" type="destr"/>
        <platform id="5" x="-60" y="-14" width="2.5" height="0.5" type="destr"/>
        <platform id="6" x="-52" y="-13" width="18" height="4">
            <rect x="-52" y="-13" width="6" height="4"/>
            <rect x="-46" y="-14" width="6" height="2"/>
        </platform>
        <platform id="7" x="-18" y="-15.9" width="50" height="2"/>
        <platform id="8" x="-40" y="-8" width="2" height="0.5" type="oldschool" end_y="-12" hold_time="0.0001" moving_velo="-2"/>
        <platform id="9" x="-30" y="-8" width="2" height="0.5" type="oldschool" start_y="-6" end_y="-10" hold_time="0.0001" moving_velo="-2"/>
        <platform id="10" x="-20" y="-8" width="2" height="0.5" type="oldschool" start_y="-4" hold_time="0.0001" moving_velo="-2"/>
        <platform id="11" x="-10" y="-6" width="2" height="0.5" type="oldschool" start_y="-2" hold_time="0.0001" moving_velo="-2"/>
        <platform id="12" x="4" y="-4" width="6.5" height="0.5"/>
        <platform id="13" x="10" y="-14" width="6" height="2"/>
        <platform id="14" x="-46" y="-6" width="4.5" height="0.5"/>
        <platform id="15" x="-64" y="-4" width="2" height="0.5" type="oldschool" end_x="-52" moving_velo="2"/>
        <platform id="16" x="-80" y="-2" width="2" height="0.5" type="oldschool" end_x="-68" moving_velo="2"/>
        <platform id="17" x="-66" y="4" width="2.5" height="0.5" ladder_passable="false"/>
        <platform id="18" x="-90" y="0" width="96" height="8">
            <rect x="-90" y="-1" width="4" height="6"/>
            <rect x="-86" y="-2" width="4" height="4"/>
            <rect x="-100" y="-4" width="16" height="0.5"/>
        </platform>
        <platform id="19" x="-100" y="10" width="12" height="4">
            <rect x="-100" y="12" width="12" height="0.5"/>
            <rect x="-106" y="10" width="0.5" height="4"/>
            <rect x="-94" y="10" width="0.5" height="4"/>
        </platform>
        <platform id="20" x="-100" y="8" width="12" height="0.5" type="oldschool" end_x="-112" moving_velo="20" hold_time="3600"/>
        <platform id="21" x="-92" y="7" width="4" height="0.5" type="oldschool" end_x="-76" end_y="4" moving_velo="2" />
        <platform id="22" x="-44" y="5" width="2" height="0.5" type="oldschool" end_x="-60" moving_velo="2" />
        <platform id="23" x="-42" y="3" width="2" height="0.5" type="oldschool" end_y="5" />
        <platform id="24" x="-20" y="5" width="2" height="0.5" type="oldschool" end_x="-40" moving_velo="2"/>
        <platform id="25" x="-20" y="12" width="20" height="0.5"/>
        <platform id="26" x="0" y="18" width="2" height="0.5" type="oldschool" end_y="6" moving_velo="2"/>
        <platform id="27" x="10" y="6" width="6" height="0.5"/>
    </platforms>
    <ladders>
        <ladder id="1" x="-66" width="1" start_y="-4" end_y="4.25" in_air="true"/>
        <ladder id="2" x="-92.5" width="1" start_y="-4" end_y="2"/>
        <ladder id="3" x="-20" width="1" start_y="6" end_y="12.25" in_air="true"/>
    </ladders>
    <buttons>
        <button id="1" x="-30" y="-6.5" width="1" height="1">
            <toggle_interact dest_id="26"/>
        </button>
        <button id="2" x="10" y="-12.5" width="1" height="1">
            <toggle_interact dest_id="8"/>
            <toggle_interact dest_id="9"/>
            <toggle_interact dest_id="10"/>
            <toggle_interact dest_id="11"/>
        </button>
        <button id="3" x="6" y="-3.5" width="1" height="1">
            <toggle_interact dest_id="15"/>
            <toggle_interact dest_id="16"/>
        </button>
        <button id="4" x="-104" y="-3.25" width="1" height="1">
            <toggle_interact dest_id="20"/>
            <toggle_interact dest_id="21"/>
            <toggle_interact dest_id="22"/>
            <toggle_interact dest_id="23"/>
            <toggle_interact dest_id="24"/>
        </button>
    </buttons>
    <waters>
        <water id="1" x="-18" y="-14.1" width="50" height="2"/>
    </waters>
    <actors>
        <actor id="1" x="10" y="7.75" width="3" height="3" texture="signright" collision="false"/>
        <ball id="2" x="-95" y="10" vx="0" vy="0" radius="0.5"/>
        <ball id="2" x="-97" y="10" vx="0" vy="0" radius="0.5"/>
        <ball id="2" x="-99" y="10" vx="0" vy="0" radius="0.5"/>
        <ball id="2" x="-101" y="10" vx="0" vy="0" radius="0.5"/>
        <ball id="2" x="-103" y="10" vx="0" vy="0" radius="0.5"/>
        <ball id="2" x="-105" y="10" vx="0" vy="0" radius="0.5"/>
        <ball id="2" x="-96" y="11" vx="0" vy="0" radius="0.5"/>
        <ball id="2" x="-98" y="11" vx="0" vy="0" radius="0.5"/>
        <ball id="2" x="-100" y="11" vx="0" vy="0" radius="0.5"/>
        <ball id="2" x="-102" y="11" vx="0" vy="0" radius="0.5"/>
        <ball id="2" x="-104" y="11" vx="0" vy="0" radius="0.5"/>
    </actors>
</level>
